{
  "$schema": "https://schema.management.azure.com/schemas/2015-01-01/deploymentTemplate.json#",
  "contentVersion": "0.1.0.0",
  "parameters": {
    "storageAccountNamePrefix": {
      "type": "string",
      "defaultValue": "",
      "metadata": {
        "description": "Prefix for new storage account"
      }
    },
    "storageAccountType": {
      "type": "string",
      "defaultValue": "Standard_LRS",
      "allowedValues": [
        "Standard_LRS",
        "Standard_GRS",
        "Standard_ZRS",
        "Premium_LRS"
      ],
      "metadata": {
        "description": "Storage Account type"
      }
    }
  },
  "variables": {
    "storageAccountName": "[concat(parameters('storageAccountNamePrefix'), uniqueString(resourceGroup().id, deployment().name))]"
  },
  "resources": [
    {
      "type": "Microsoft.Storage/storageAccounts",
      "name": "[variables('storageAccountName')]",
      "apiVersion": "2016-01-01",
      "location": "[resourceGroup().location]",
      "sku": {
          "name": "[parameters('storageAccountType')]"
      },
      "kind": "Storage", 
      "properties": {
      }
    }
  ],
  "outputs": {
    "storageAccountName": {
      "type": "string",
      "value": "[variables('storageAccountName')]"
    },
    "storageAccountKey": {
      "value": "[listKeys(resourceId('Microsoft.Storage/storageAccounts', variables('storageAccountName')), '2015-05-01-preview')]",
      "type": "object"
    }
  }
}
